,avg_utility,avg_nash_product,avg_social_welfare,avg_num_offers,count,agreement,failed,ERROR
RGAgent,0.8147437224083335,0.5336545673285504,1.4350885711249999,487.8333333333333,24,22,2,0
DreamTeam109Agent,0.7803655897750001,0.3088914808013199,1.0932951362208334,1407.5,24,19,5,0
Agent007,0.7502965346291667,0.4550268599069382,1.4113161643708334,1050.5416666666667,24,24,0,0
GEAAgent,0.7060207696874997,0.4748448710539808,1.397944832483333,46.25,24,23,1,0
ThirdAgent,0.6370613371541666,0.5007967689071267,1.3670773115875001,545.7083333333334,24,22,2,0
AgentFish,0.6025584316958331,0.4723798868954799,1.426399325929167,959.6666666666666,24,24,0,0
Group40Agent02,0.44952897437083345,0.3859344874026511,1.350029377725,210.58333333333334,24,24,0,0
