,avg_utility,avg_nash_product,avg_social_welfare,avg_num_offers,count,agreement,failed,ERROR
RGAgent,0.7727455021458334,0.5658875024227119,1.4657482738833334,546.75,24,22,2,0
DreamTeam109Agent,0.7363622180208336,0.3165919172937504,1.0584087685749999,1596.125,24,18,6,0
Agent007,0.7092820327208332,0.4791791884231347,1.4244601422458334,1109.9166666666667,24,24,0,0
Group40Agent04,0.6955690344375002,0.4595925173482289,1.3948786839874998,753.3333333333334,24,24,0,0
ThirdAgent,0.6254759669999999,0.46538152261287097,1.3023167810833334,620.5,24,22,2,0
GEAAgent,0.6239315261083332,0.5202244599323694,1.3781652540374998,57.083333333333336,24,22,2,0
AgentFish,0.5701995922624999,0.4773282363628011,1.443153841579167,1067.2916666666667,24,24,0,0
