,avg_utility,avg_nash_product,avg_social_welfare,avg_num_offers,count,agreement,failed,ERROR
RGAgent,0.7208351323625002,0.37405542430062205,1.1690475523666668,494.8333333333333,24,20,4,0
DreamTeam109Agent,0.6791193208791667,0.28600979471157867,0.9794472430416667,1225.875,24,17,7,0
Agent007,0.6728274848208334,0.43644497672175203,1.3913319441833336,908.875,24,24,0,0
GEAAgent,0.6579152133708334,0.3752166823860162,1.2297143118333336,50.583333333333336,24,22,2,0
ThirdAgent,0.6110738523125,0.3533490639123904,1.1025028628375,578.0,24,19,5,0
AgentFish,0.5771645985416666,0.42806643578786785,1.381337717141667,860.7916666666666,24,24,0,0
Group40Agent02,0.3495668752041667,0.32392472193624156,1.2836233235791668,36.791666666666664,24,24,0,0
