,avg_utility,avg_nash_product,avg_social_welfare,avg_num_offers,count,agreement,failed,ERROR
DreamTeam109Agent,0.6755636315999999,0.2725325645322639,0.9646783096791666,1203.5416666666667,24,17,7,0
RGAgent,0.6562512255166667,0.3703411530684602,1.0889746496375,568.0416666666666,24,18,6,0
Group40Agent05,0.645326867525,0.39701734978408615,1.3001326047791666,515.4166666666666,24,23,1,0
GEAAgent,0.6058951685833333,0.4016091796374051,1.2979534487875,61.625,24,23,1,0
ThirdAgent,0.595530781975,0.3307076154204576,1.0786076632333335,688.2916666666666,24,19,5,0
Agent007,0.583442054775,0.4192276927628915,1.3589849327708334,980.75,24,24,0,0
AgentFish,0.46072777017499994,0.390890783417057,1.3561433914125,726.6666666666666,24,24,0,0
