,avg_utility,avg_nash_product,avg_social_welfare,avg_num_offers,count,agreement,failed,ERROR
Group40Agent03,0.7854035859833336,0.5732208547463734,1.547622941866667,489.2083333333333,24,24,0,0
RGAgent,0.7793814874083335,0.559776365823727,1.4566474599041668,518.6666666666666,24,22,2,0
DreamTeam109Agent,0.7414242263458336,0.3461846515597294,1.0916578360583333,1475.875,24,18,6,0
Agent007,0.7281594977458332,0.4767960532311088,1.4207519274125,1134.375,24,24,0,0
GEAAgent,0.6388692402666666,0.4661227092215516,1.3285735723916665,64.66666666666667,24,22,2,0
ThirdAgent,0.5984466997291665,0.49348595050971644,1.3673417241041665,627.125,24,22,2,0
AgentFish,0.5560445854541666,0.4644559851372141,1.4428631841291664,1125.4166666666667,24,24,0,0
