,avg_utility,avg_nash_product,avg_social_welfare,avg_num_offers,count,agreement,failed,ERROR
RGAgent,0.8118690090291668,0.55093981945955,1.4513549837625,511.9166666666667,24,22,2,0
DreamTeam109Agent,0.7432421905625003,0.3524794222693653,1.099501801825,1615.4166666666667,24,18,6,0
Agent007,0.7231554634208331,0.47152104151988045,1.4206163796833333,1023.25,24,24,0,0
GEAAgent,0.6910124403249999,0.4698472651880135,1.3444365444875002,56.708333333333336,24,22,2,0
ThirdAgent,0.6230840333458331,0.5069691577499447,1.3700058805291666,546.5416666666666,24,22,2,0
Group40Agent01,0.6039892484375,0.47883194159926634,1.4561911420916662,413.3333333333333,24,24,0,0
AgentFish,0.5830229156250001,0.4447094528628123,1.4166438691124998,1086.5,24,24,0,0
