,avg_utility,avg_nash_product,avg_social_welfare,avg_num_offers,count,agreement,failed,ERROR
RGAgent,0.6724348722666668,0.35334743052575096,1.1052932610333335,532.5416666666666,24,19,5,0
DreamTeam109Agent,0.6717573420625002,0.25952542948099083,0.9475048216875,1029.4583333333333,24,17,7,0
Agent007,0.6443257800125001,0.42893962299873434,1.3804442294416666,967.375,24,24,0,0
Group40Agent04,0.6130784473125,0.357126249926685,1.317624374525,390.2083333333333,24,24,0,0
GEAAgent,0.6075374445666667,0.3953313599292169,1.2955081081458333,64.29166666666667,24,23,1,0
ThirdAgent,0.579415124775,0.31010220798827487,1.0613962853541665,557.625,24,19,5,0
AgentFish,0.4352649983291667,0.3691580833196673,1.3398569384625,737.5,24,24,0,0
