,avg_utility,avg_nash_product,avg_social_welfare,avg_num_offers,count,agreement,failed,ERROR
RGAgent,0.7951121150083335,0.5690207303955742,1.4670237796999999,574.1666666666666,24,22,2,0
DreamTeam109Agent,0.7434460386208336,0.33571343305124585,1.0828450069041666,1636.75,24,18,6,0
Group40Agent05,0.7373296739166667,0.5098264655523764,1.4706580893791663,812.5833333333334,24,24,0,0
Agent007,0.7313367651,0.4702114306092642,1.4226668678958336,1164.9166666666667,24,24,0,0
GEAAgent,0.65736799325,0.523939227487246,1.4011186896041667,59.083333333333336,24,22,2,0
ThirdAgent,0.6435331475749999,0.5014455391527394,1.3709753492,645.25,24,22,2,0
AgentFish,0.5106286699583333,0.44537892320573585,1.4222210241750002,1065.5,24,24,0,0
