,avg_utility,avg_nash_product,avg_social_welfare,avg_num_offers,count,agreement,failed,ERROR
RGAgent,0.6781509281625001,0.38613099238399107,1.1402775139875,504.3333333333333,24,19,5,0
GEAAgent,0.6536941880499998,0.4053382520678214,1.2546448737083333,59.166666666666664,24,22,2,0
Agent007,0.6418873797375,0.417640055214854,1.3603731861833335,972.0833333333334,24,24,0,0
DreamTeam109Agent,0.6328460456166667,0.28488945539523447,0.9360770494750001,1136.1666666666667,24,16,8,0
ThirdAgent,0.5936709244666668,0.33209829476674585,1.0740536591250003,613.4583333333334,24,19,5,0
Group40Agent01,0.5710132314499998,0.4244880088077927,1.3945098710958332,414.75,24,24,0,0
AgentFish,0.49416806045,0.4026854822884891,1.3709253622916666,746.375,24,24,0,0
