,avg_utility,avg_nash_product,avg_social_welfare,avg_num_offers,count,agreement,failed,ERROR
RGAgent,0.7377020581166667,0.40466818349631656,1.2364949470958335,570.2083333333334,24,21,3,0
DreamTeam109Agent,0.7220196214791667,0.3123492846331068,1.083621832975,1210.25,24,19,5,0
Group40Agent03,0.6638989912375001,0.43099007639820136,1.3819633214750002,468.5,24,24,0,0
Agent007,0.6169001217666666,0.4127445874929339,1.3536917103875001,970.5833333333334,24,24,0,0
ThirdAgent,0.6094735237000001,0.3252646338644036,1.0750647342958333,650.6666666666666,24,19,5,0
GEAAgent,0.5678280615375001,0.3857745419617294,1.2501546705500002,69.25,24,23,1,0
AgentFish,0.4447807791000001,0.37979348837641586,1.3442150970958338,722.9583333333334,24,24,0,0
